item_name,price,cost_price,category,in_stock,image_path
1k Bomb Ladu raghuram,320,150,Bomb Ladi,20,images/1kBombLaduraghuram.jpg
2k Bomb Ladi Mhakali,1060,520,Bomb Ladi,10,images/2kBombLadi.jpg
3 sound Rocket Queen,220,100,Rocket,32,images/3soundRocketQueen.jpg
12 star Chidambaram,310,145,Skyshot,20,images/12starChidambaram.jpg
12 Star Delight,220,100,Skyshot,20,images/12StarDelight.jpg
12 star mori chaap,300,140,Skyshot,19,images/12starmorichaap.jpg
28 crackling Chorsa,260,120,Kid's item,30,images/28cracklingChorsa.jpg
36 no Coloured Sparkles,104,42,Sparkles,30,images/36noColouredSparkles.jpg
240 shot peti,5620,2800,Skyshot,1,images/240shotpeti.jpg
300 bomb Ladi,220,100,Bomb Ladi,20,images/300bombLadi.jpg
555 cell bomb sutli,200,90,Bomb Ladi,30,images/555cellbombsutli.jpg
AXN chitr pitr,70,25,Kid's item,10,images/AXNchitrpitr.jpg
azad classic green sutli,240,110,Sutli,40,images/azadclassicgreensutli.jpg
Azad pooja k phool,240,110,Kid's item,9,images/Azadpoojakphool.jpg
Azim Rekha Color 100cm,380,180,Sparkles,9,images/AzimRekhaColor100cm.jpg
Baby Rocket ASR,80,30,Rocket,10,images/BabyRocketASR.jpg
Bagban Butterfly,220,100,Kid's item,40,images/BagbanButterfly.jpg
Bambara Spinner,280,130,Spinner,20,images/BambaraSpinner.jpg
BMW 2k Bomb Ladi,720,350,Bomb Ladi,5,images/BMW2kBombLadi.jpg
Cock Bijli Thaili,160,70,Thaili,20,images/CockBijliThaili.jpg
cock whistling wheel,314,147,Spinner,20,images/cockwhistlingwheel.jpg
Cornation Fifty fifty anar bomb,380,180,AnarBomb,20,images/CornationFiftyfiftyanarbomb.jpg
Cornation Nazi Green Sutli,280,130,Sutli,50,images/CornationNaziGreenSutli.jpg
Dancing Rider 25 shots,420,200,Skyshot,10,images/DancingRider25shots.jpg
Digital Bomb Sutli,400,190,Sutli,20,images/DigitalBombSutli.jpg
Disco Butterfly,188,84,Kid's item,30,images/DiscoButterfly.jpg
Ginni Betaab Sutli,130,55,Sutli,50,images/GinniBetaabSutli.jpg
Ginny 50 cm Sparkle,140,60,Sparkles,24,images/Ginny50cmSparkle.jpg
Ginny Ashoka FLower POt,180,80,Anar,30,images/GinnyAshokaFLowerPOt.jpg
Ginny Ground Spinner Deluxe,240,110,Spinner,10,images/GinnyGroundSpinnerDeluxe.jpg
Ginny Silver Rain torches,200,90,Pencil,10,images/GinnySilverRaintorches.jpg
Ginny Special Pencil,100,40,Pencil,10,images/GinnySpecialPencil.jpg
Grand 600 bomb ladi,420,200,Bomb Ladi,15,images/Grand600bombladi.jpg
Gravity kid's item,160,70,Kid's item,10,images/Gravitykid'sitem.jpg
Green 30 No sparkle Azad,96,38,Sparkles,50,images/Green30NosparkleAzad.jpg
Gudiya Gift Pack Flower Pot 4pcs Big,920,450,Anar,3,images/GudiyaGiftPackFlowerPot4pcsBig.jpg
Gudiya Gift Pack Flower Pot 4pcs Small,640,310,Anar,8,images/GudiyaGiftPackFlowerPot4pcsSmall.jpg
Gudiya Mini Pearl Anar 5pc,200,90,Anar,20,images/GudiyaMiniPearlAnar5pc.jpg
Gudiya Tim Tim Flower Pots 5pcs,240,110,Anar,10,images/GudiyaTimTimFlowerPots5pcs.jpg
Hattrick 30 shots,740,360,Skyshot,10,images/Hattrick30shots.jpg
Hina colored no15 sparkles,60,20,Sparkles,50,images/Hinacoloredno15sparkles.jpg
Hindustaan 100 shot,2620,1300,Skyshot,6,images/Hindustaan100shot.jpg
Hulk Thaili,68,24,Thaili,100,images/HulkThaili.jpg
Jasmine Flower pots Lily,406,193,Anar,12,images/JasmineFlowerpotsLily.jpg
Krisnaswamy's Ground Chakkar Special,120,50,Spinner,20,images/Krisnaswamy'sGroundChakkarSpecial.jpg
Laser Red 15 no sparkle,96,38,Sparkles,50,images/LaserRed15nosparkle.jpg
Liberty's Penta Paanch chamatkar,300,140,Skyshot,8,images/Liberty'sPentaPaanchchamatkar.jpg
Liberty's penta sky smash,300,140,Skyshot,12,images/Liberty'spentaskysmash.jpg
Mega jil jil,660,320,Sparkles,10,images/Megajiljil.jpg
Mercury Bazooka 2 in 1 big Sky shot,1040,510,Skyshot,5,images/MercuryBazooka2in1bigSkyshot.jpg
Mercury Flower Pots Giant,420,200,Anar,20,images/MercuryFlowerPotsGiant.jpg
Mercury Zaalim chakkar special,160,70,Spinner,20,images/MercuryZaalimchakkarspecial.jpg
Milan Hydro green sutli,96,38,Sutli,40,images/MilanHydrogreensutli.jpg
Mini Bullet Flash Sri Murthi,52,16,Bullet,30,images/MiniBulletFlashSriMurthi.jpg
MiniBullet Cock,104,42,Bullet,20,images/MiniBulletCock.jpg
Mori chaap Rocket Bomb,460,220,Rocket,20,images/MorichaapRocketBomb.jpg
Moric chapp Lunik Express Rocket,540,260,Rocket,20,images/MoricchappLunikExpressRocket.jpg
Mri Chaap Mini Bullet,80,30,Bullet,30,images/MriChaapMiniBullet.jpg
NS sky shot Big 2 in 1,1920,950,Skyshot,2,images/NSskyshotBig2in1.jpg
Nsv Bijli thaili,90,35,Thaili,50,images/NsvBijlithaili.jpg
Nsv Jil Jil stars,620,300,Sparkles,10,images/NsvJilJilstars.jpg
NSV kgf 30 shots,700,340,Skyshot,24,images/NSVkgf30shots.jpg
NSV kgf 60 shots,1420,700,Skyshot,12,images/NSVkgf60shots.jpg
NSV Monaco Spinner,460,220,Spinner,20,images/NSVMonacoSpinner.jpg
Raja's Ganga Jamuna,144,62,AnarBomb,50,images/Raja'sGangaJamuna.jpg
Red Flare 100 sec Torch,160,70,Pencil,10,images/RedFlare100secTorch.jpg
Roll Caps,140,60,Kid's item,30,images/RollCaps.jpg
Sahara's King Super Double SPin,130,55,Spinner,20,images/Sahara'sKingSuperDoubleSPin.jpg
Shivjyothi's Flower Pots Ashoka,340,160,Anar,30,images/Shivjothi'sFlowerPotsAshoka.jpg
Silver Torches Pencil,200,90,Pencil,10,images/SilverTorchesPencil.jpg
Spinner Super Deluxe Nicky,420,200,Spinner,10,images/SpinnerSuperDeluxeNicky.jpg
Sri Murthi Big Flash Deluxe Bullet,80,30,Bullet,30,images/SriMurthiBigFlashDeluxeBullet.jpg
Sunindiya Bijli Crackers,64,22,Thaili,50,images/SunindiyaBijliCrackers.jpg
Supreme ground chakkar super deluxe chakri,400,190,Spinner,10,images/Supremegroundchakkarsuperdeluxechakri.jpg
Supreme queen deluxe Spinner,280,130,Spinner,10,images/SupremequeendeluxeSpinner.jpg
turkey bijli crackers Thaili,48,14,Thaili,100,images/turkeybijlicrackersThaili.jpg
USR Helicopter,180,80,Kid's item,40,images/USRHelicopter.jpg
Vasantha 30 shot Bubble Party,680,330,Skyshot,17,images/Vasantha30shotBubbleParty.jpg
vasantha Color Koti,400,190,Anar,20,images/vasanthaColorKoti.jpg
Vasantha's 3 in 1 sky shot,460,220,Skyshot,30,images/Vasantha's3in1skyshot.jpg
Vasantha's Kit Kat,60,20,Bullet,50,images/Vasantha'sKitKat.jpg
Vasnaths Chitu pitu,70,25,Kid's item,10,images/VasnathsChitupitu.jpg
Yuva's Rocket Bomb,130,55,Rocket,20,images/Yuva'sRocketBomb.jpg
